,Archipelago1,Archipelago2,beta_sor,beta_sim,beta_sne,mean_isolation,mean_reef_area,mean_past_isolation,mean_age,mean_past_reef_area,diff_isolation,diff_reef_area,diff_past_isolation,diff_age,diff_past_reef_area,diff_sst,diff_past_sst,Distance,Group1,Group2
1,American_Samoa,Andaman_and_Nicobar_Islands,0.063796406,0.02527879,0.038517616,824.2449146,457.9558795,91.13131903,12.9,36.57142926,143.483763,433.588305,150.6823158,20.2,12.00000191,0.2,2.56425,11.051,Across_Oceans,Pacific-Indian
2,American_Samoa,Azores,0.22482786,0.005748433,0.219079427,771.6282735,120.5808635,402.8227787,22.785,15.28571415,38.2504808,241.161727,472.7006035,0.43,30.5714283,9.58,13.05549,15.683,Across_Oceans,Pacific-Atlantic
3,American_Samoa,Bermuda,0.199182394,0.01423019,0.184952204,785.683313,389.8923635,238.2365531,35,16.99999988,66.3605597,297.461273,143.5281524,24,27.14285684,5.04,7.96198,12.327,Across_Oceans,Pacific-Atlantic
4,American_Samoa,Canary_Islands,0.160562832,0.019350902,0.14121193,783.3411135,216.5998635,381.2799442,24,15.28571415,61.6761607,49.123727,429.6149346,2,30.5714283,7.24,10.18588,16.927,Across_Oceans,Pacific-Atlantic
5,American_Samoa,Cape_Verde,0.130082306,0.010794211,0.119288095,771.6282735,273.0413635,402.8227787,19,15.28571415,38.2504808,63.759273,472.7006035,8,30.5714283,4.31,6.27116,16.521,Across_Oceans,Pacific-Atlantic
6,American_Samoa,Cook_Islands,0.037688048,0.025914626,0.011773421,761.208299,146.3877445,177.8567688,20.75,16.57142842,17.4105317,189.547965,22.7685837,4.5,27.99999976,1.62,1.49084,1.266,Within_Regions,Central_Pacific
7,American_Samoa,Fiji,0.066330174,0.000804787,0.065525387,769.4988139,1331.546824,91.40802404,25.5,31.99999905,33.9915616,2180.770193,150.1289057,5,2.85714149,1.47,1.16348,1.217,Within_Regions,Central_Pacific
8,American_Samoa,French_Polynesia,0.031476326,0.019648025,0.011828302,746.0173509,127.679764,195.0326282,32.4,16.78571415,12.9713644,226.963926,57.1203026,18.8,27.5714283,1.02,2.45504,2.306,Within_Regions,Central_Pacific
9,American_Samoa,Galapagos,0.124851536,0.022124755,0.102726781,972.8479416,182.4887105,345.9732351,13.155,15.28571415,440.6898169,117.346033,359.0015163,19.69,30.5714283,4.97,4.18412,8.86,Within_Oceans,Pacific
10,American_Samoa,Hawaii,0.030294778,0.024672356,0.005622422,895.5577116,308.5377245,278.0477932,24,16.99999988,286.1093569,134.751995,223.1506325,2,27.14285684,2.95,1.29558,4.201,Within_Regions,Central_Pacific
11,American_Samoa,Islas_Revillagigedo,0.205566798,0.008045657,0.19752114,754.1357915,123.6468635,186.4898914,16.5,15.71428558,3.2655168,235.029727,40.0348289,13,29.71428543,3.84,5.36643,7.333,Within_Oceans,Pacific
12,American_Samoa,Juan_Fernandez_Islands,0.308657194,0.005986367,0.302670827,972.8479416,182.4887105,345.9732351,12.2,15.28571415,440.6898169,117.346033,359.0015163,21.6,30.5714283,11.27,9.55089,9.257,Within_Oceans,Pacific
13,American_Samoa,Maldives,0.048808916,0.037104275,0.01170464,877.9731941,1028.235099,94.39279936,13.5,31.85714245,250.9403219,1574.146743,144.1593551,19,2.5714283,0.46,1.60126,12.863,Across_Oceans,Pacific-Indian
14,American_Samoa,Maluku_Islands,0.081274661,0.032766439,0.048508222,700.3792488,552.9987845,83.79194274,13.2,46.99999905,104.2475687,623.674115,165.3610683,19.6,32.85714149,0.58,1.0763,6.686,Within_Oceans,Pacific
15,American_Samoa,Marianas_Islands,0.050800078,0.002492693,0.048307385,830.6057452,145.5516445,107.1318885,26.5,16.21428555,156.2054242,191.220165,118.6811767,7,28.71428549,0.17,0.43293,5.786,Within_Oceans,Pacific
16,American_Samoa,Sao_Tome_Principe_and_Annobon,0.200851301,3.76E-11,0.200851301,1605.778392,120.5808635,316.4160468,27,30.71428585,1706.550718,241.161727,299.8871398,8,0.2857151,1.28,6.93961,18.429,Across_Oceans,Pacific-Atlantic
17,American_Samoa,Seychelles,0.057140608,0.038439064,0.018701544,778.5482121,451.03389,126.7069547,79,23.21428538,52.090358,419.744326,79.53104431,112,14.71428585,0.65,1.31298,14.449,Across_Oceans,Pacific-Indian
18,American_Samoa,Virgin_Islands,0.213712709,0.002984878,0.210727831,712.8402901,321.792136,201.8549973,66.5,21.85714293,79.325486,161.260818,70.7650407,87,17.42857075,0.74,3.11258,12.172,Across_Oceans,Pacific-Atlantic
19,Andaman_and_Nicobar_Islands,Azores,0.187257713,0.005919673,0.181338041,843.370155,337.375016,327.4816208,12.685,21.28571511,105.2332822,674.750032,623.3829193,19.77,42.57143021,9.78,10.49124,11.684,Across_Oceans,Atlantic-Indian
20,Andaman_and_Nicobar_Islands,Bermuda,0.175664326,0.031091744,0.144572583,857.4251945,606.686516,162.8953952,24.9,23.00000084,77.1232033,136.127032,294.2104682,44.2,39.14285875,5.24,5.39773,14.527,Across_Oceans,Atlantic-Indian
21,Andaman_and_Nicobar_Islands,Canary_Islands,0.137886688,0.036658987,0.101227701,855.082995,433.394016,305.9387863,13.9,21.28571511,81.8076023,482.712032,580.2972504,22.2,42.57143021,7.44,7.62163,11.252,Across_Oceans,Atlantic-Indian
22,Andaman_and_Nicobar_Islands,Cape_Verde,0.107498287,0.028345984,0.079152303,843.370155,489.835516,327.4816208,8.9,21.28571511,105.2332822,369.829032,623.3829193,12.2,42.57143021,4.51,3.70691,12.482,Across_Oceans,Atlantic-Indian
23,Andaman_and_Nicobar_Islands,Cook_Islands,0.063758913,0.03734064,0.026418272,832.9501805,363.181897,102.5156109,10.65,22.57142937,126.0732313,623.13627,173.4508995,15.7,40.00000167,1.82,1.07341,12.275,Across_Oceans,Pacific-Indian
24,Andaman_and_Nicobar_Islands,Fiji,0.107573104,0.003072057,0.104501047,841.2406954,1548.340976,16.06686616,15.4,38,109.4922014,1747.181888,0.55341002,25.2,9.14286042,1.67,1.40077,9.979,Across_Oceans,Pacific-Indian
25,Andaman_and_Nicobar_Islands,French_Polynesia,0.069850753,0.019287856,0.050562897,817.7592324,344.4739165,119.6914703,22.3,22.78571511,156.4551274,660.552231,207.8026184,39,39.57143021,1.22,0.10921,13.339,Across_Oceans,Pacific-Indian
26,Andaman_and_Nicobar_Islands,Galapagos,0.111639721,0.049060639,0.062579082,1044.589823,399.282863,270.6320772,3.055,21.28571511,297.2060539,550.934338,509.6838321,0.51,42.57143021,5.17,1.61987,18.662,Across_Oceans,Pacific-Indian
27,Andaman_and_Nicobar_Islands,Hawaii,0.058775924,0.014145416,0.044630508,967.2995931,525.331877,202.7066353,13.9,23.00000084,142.6255939,298.83631,373.8329483,22.2,39.14285875,3.15,1.26867,11.468,Across_Oceans,Pacific-Indian
28,Andaman_and_Nicobar_Islands,Islas_Revillagigedo,0.170028693,0.010911537,0.159117156,825.877673,340.441016,111.1487335,6.4,21.71428654,140.2182462,668.618032,190.7171447,7.2,41.71428734,4.04,2.80218,15.556,Across_Oceans,Pacific-Indian
29,Andaman_and_Nicobar_Islands,Juan_Fernandez_Islands,0.277299092,0.01242809,0.264871002,1044.589823,399.282863,270.6320772,2.1,21.28571511,297.2060539,550.934338,509.6838321,1.4,42.57143021,11.47,6.98664,17.484,Across_Oceans,Pacific-Indian
30,Andaman_and_Nicobar_Islands,Maldives,0.086008833,0.036232755,0.049776077,949.7150756,1245.029251,19.05164148,3.4,37.85714341,107.4565589,1140.558438,6.52296066,1.2,9.42857361,0.26,0.96299,2.334,Within_Oceans,Indian
31,Andaman_and_Nicobar_Islands,Maluku_Islands,0.10157355,0.013270429,0.08830312,772.1211303,769.792937,8.450784861,3.1,53,247.7313317,190.08581,14.67875258,0.6,20.85713958,0.38,1.48795,4.436,Within_Regions,Western_Indo_Pacific
32,Andaman_and_Nicobar_Islands,Marianas_Islands,0.092360186,0.005024556,0.087335629,902.3476267,362.345797,31.79073066,16.4,22.21428651,12.7216612,624.80847,32.00113901,27.2,40.7142874,0.03,2.13132,5.7,Within_Regions,Western_Indo_Pacific
33,Andaman_and_Nicobar_Islands,Sao_Tome_Principe_and_Annobon,0.167085647,0.00532634,0.161759307,1677.520274,337.375016,241.0748889,16.9,36.71428681,1563.066955,674.750032,450.5694556,28.2,11.71428681,1.48,4.37536,9.602,Across_Oceans,Atlantic-Indian
34,Andaman_and_Nicobar_Islands,Seychelles,0.073437698,0.015426202,0.058011495,850.2900936,667.8280425,51.36579687,68.9,29.21428633,91.393405,13.843979,71.15127144,132.2,26.71428776,0.85,1.25127,4.542,Within_Oceans,Indian
35,Andaman_and_Nicobar_Islands,Virgin_Islands,0.177994698,0.005691461,0.172303237,784.5821716,538.5862885,126.5138394,56.4,27.85714388,222.809249,272.327487,221.4473565,107.2,29.42857266,0.94,0.54833,15.861,Across_Oceans,Atlantic-Indian
36,Azores,Bermuda,0.141031396,0.110674097,0.030357298,804.8085534,269.3115,474.5868549,34.785,1.714285732,28.1100789,538.623,329.1724511,24.43,3.428571463,4.54,5.09351,3.398,Within_Oceans,Atlantic
37,Azores,Canary_Islands,0.085160469,0.006851186,0.078309284,802.4663539,96.019,617.630246,23.785,0,23.4256799,192.038,43.0856689,2.43,0,2.34,2.86961,1.501,Within_Regions,Eastern_Atlantic
38,Azores,Cape_Verde,0.109146038,0.007427914,0.101718125,790.7535139,152.4605,639.1730804,18.785,0,0,304.921,0,7.57,0,5.27,6.78433,2.655,Within_Regions,Eastern_Atlantic
39,Azores,Cook_Islands,0.232497344,0.02993207,0.202565274,780.3335394,25.806881,414.2070705,20.535,1.285714269,20.8399491,51.613762,449.9320198,4.07,2.571428537,7.96,11.56465,15.14,Across_Oceans,Pacific-Atlantic
40,Azores,Fiji,0.282710667,0.001196349,0.281514319,788.6240543,1210.96596,327.7583258,25.285,16.7142849,4.2589192,2421.93192,622.8295092,5.43,33.42856979,8.11,11.89201,16.46,Across_Oceans,Pacific-Atlantic
41,Azores,French_Polynesia,0.235854376,0.005283985,0.230570391,765.1425913,7.0989005,431.38293,32.185,1.5,51.2218452,14.197801,415.5803009,19.23,3,8.56,10.60045,14.004,Across_Oceans,Pacific-Atlantic
42,Azores,Galapagos,0.155692732,0.042706107,0.112986625,991.973182,61.907847,582.3235368,12.94,0,402.4393361,123.815694,113.6990872,19.26,0,4.61,8.87137,7.746,Across_Oceans,Pacific-Atlantic
43,Azores,Hawaii,0.229477274,0.004719079,0.224758195,914.682952,187.956861,514.3980949,23.785,1.714285732,247.8588761,375.913722,249.549971,2.43,3.428571463,6.63,11.75991,11.636,Across_Oceans,Pacific-Atlantic
44,Azores,Islas_Revillagigedo,0.125627542,0.105778727,0.019848814,773.2610319,3.066,422.8401931,16.285,0.428571433,34.984964,6.132,432.6657746,12.57,0.857142866,5.74,7.68906,8.229,Across_Oceans,Pacific-Atlantic
45,Azores,Juan_Fernandez_Islands,0.140885566,0.055711288,0.085174278,991.973182,61.907847,582.3235368,11.985,0,402.4393361,123.815694,113.6990872,21.17,0,1.69,3.5046,9.527,Across_Oceans,Pacific-Atlantic
46,Azores,Maldives,0.244027013,0.015813111,0.228213903,897.0984345,907.654235,330.7431011,13.285,16.5714283,212.6898411,1815.30847,616.8599586,18.57,33.1428566,10.04,11.45423,10.751,Across_Oceans,Atlantic-Indian
47,Azores,Maluku_Islands,0.267920415,0.000517911,0.267402504,719.5044892,432.417921,320.1422445,12.985,31.7142849,142.4980495,864.835842,638.0616718,19.17,63.42856979,10.16,11.97919,15.425,Across_Oceans,Pacific-Atlantic
48,Azores,Marianas_Islands,0.269287477,0.004565131,0.264722346,849.7309856,24.970781,343.4821903,26.285,0.928571403,117.9549434,49.941562,591.3817802,7.43,1.857142806,9.75,12.62256,14.123,Across_Oceans,Pacific-Atlantic
49,Azores,Sao_Tome_Principe_and_Annobon,0.079403611,0.060234752,0.01916886,1624.903632,0,552.7663486,26.785,15.4285717,1668.300237,0,172.8134637,8.43,30.8571434,8.3,6.11588,5.515,Within_Regions,Eastern_Atlantic
50,Azores,Seychelles,0.249492761,0.014083567,0.235409194,797.6734525,330.4530265,363.0572565,78.785,7.928571225,13.8398772,660.906053,552.2316478,112.43,15.85714245,8.93,11.74251,9.757,Across_Oceans,Atlantic-Indian
51,Azores,Virgin_Islands,0.14299603,0.134840723,0.008155307,731.9655305,201.2112725,438.205299,66.285,6.571428775,117.5759668,402.422545,401.9355628,87.43,13.14285755,8.84,9.94291,4.216,Within_Oceans,Atlantic
52,Bermuda,Canary_Islands,0.151741338,0.111924478,0.03981686,816.5213933,365.3305,453.0440204,36,1.714285732,4.684399,346.585,286.0867822,22,3.428571463,2.2,2.2239,4.629,Within_Oceans,Atlantic
53,Bermuda,Cape_Verde,0.142140555,0.078972757,0.063167798,804.8085534,421.772,474.5868549,31,1.714285732,28.1100789,233.702,329.1724511,32,3.428571463,0.73,1.69082,4.503,Within_Oceans,Atlantic
54,Bermuda,Cook_Islands,0.191592879,0.01900146,0.17259142,794.3885788,295.118381,249.620845,32.75,3,48.950028,487.009238,120.7595687,28.5,0.857142926,3.42,6.47114,11.698,Across_Oceans,Pacific-Atlantic
55,Bermuda,Fiji,0.25013283,1.34E-05,0.250119424,802.6790938,1480.27746,163.1721002,37.5,18.42857063,32.3689981,1883.30892,293.6570581,19,29.99999833,3.57,6.7985,13.446,Across_Oceans,Pacific-Atlantic
56,Bermuda,French_Polynesia,0.199608615,0.000464766,0.199143849,779.1976308,276.4104005,266.7967044,44.4,3.214285732,79.3319241,524.425199,86.4078498,5.2,0.428571463,4.02,5.50694,10.559,Across_Oceans,Pacific-Atlantic
57,Bermuda,Galapagos,0.128270129,0.048089486,0.080180643,1006.028221,331.219347,417.7373113,25.155,1.714285732,374.3292572,414.807306,215.4733639,43.69,3.428571463,0.07,3.77786,4.594,Across_Oceans,Pacific-Atlantic
58,Bermuda,Hawaii,0.204657161,0.014227851,0.190429311,928.7379914,457.268361,349.8118694,36,3.428571463,219.7487972,162.709278,79.6224801,22,0,2.09,6.6664,9.07,Across_Oceans,Pacific-Atlantic
59,Bermuda,Islas_Revillagigedo,0.171346642,0.161326615,0.010020027,787.3160714,272.3775,258.2539676,28.5,2.142857165,63.0950429,532.491,103.4933235,37,2.571428597,1.2,2.59555,4.915,Across_Oceans,Pacific-Atlantic
60,Bermuda,Juan_Fernandez_Islands,0.192787934,0.078574546,0.114213388,1006.028221,331.219347,417.7373113,24.2,1.714285732,374.3292572,414.807306,215.4733639,45.6,3.428571463,6.23,1.58891,7.441,Across_Oceans,Pacific-Atlantic
61,Bermuda,Maldives,0.206180581,0.008564506,0.197616074,911.1534739,1176.965735,166.1568756,25.5,18.28571403,184.5797622,1276.68547,287.6875075,43,29.71428514,5.5,6.36072,14.106,Across_Oceans,Atlantic-Indian
62,Bermuda,Maluku_Islands,0.241838132,0.008216446,0.233621685,733.5595286,701.729421,155.5560189,25.2,33.42857063,170.6081284,326.212842,308.8892207,43.6,59.99999833,5.62,6.88568,16.395,Across_Oceans,Pacific-Atlantic
63,Bermuda,Marianas_Islands,0.234174825,0.000326474,0.23384835,863.7860251,294.282281,178.8959647,38.5,2.642857135,89.8448645,488.681438,262.2093291,17,1.571428657,5.21,7.52905,13.96,Across_Oceans,Pacific-Atlantic
64,Bermuda,Sao_Tome_Principe_and_Annobon,0.106084917,0.093624747,0.01246017,1638.958672,269.3115,388.180123,39,17.14285743,1640.190158,538.623,156.3589874,16,27.42857194,3.76,1.02237,8.256,Within_Oceans,Atlantic
65,Bermuda,Seychelles,0.220124179,0.017394632,0.202729546,811.728492,599.7645265,198.4710309,91,9.642856957,14.2702017,122.283053,223.0591967,88,12.42857099,4.39,6.649,13.127,Across_Oceans,Atlantic-Indian
66,Bermuda,Virgin_Islands,0.102749127,0.080009948,0.022739179,746.02057,470.5227725,273.6190735,78.5,8.285714507,145.6860457,136.200455,72.7631117,63,9.714286087,4.3,4.8494,1.587,Within_Regions,Caribbean_Tropical_Atlantic
67,Canary_Islands,Cape_Verde,0.048810668,0.025598144,0.023212524,802.4663539,248.4795,617.630246,20,0,23.4256799,112.883,43.0856689,10,0,2.93,3.91472,1.609,Within_Regions,Eastern_Atlantic
68,Canary_Islands,Cook_Islands,0.167773891,0.041057532,0.126716359,792.0463793,121.825881,392.6642361,21.75,1.285714269,44.265629,140.424238,406.8463509,6.5,2.571428537,5.62,8.69504,16.242,Across_Oceans,Pacific-Atlantic
69,Canary_Islands,Fiji,0.215647712,0.010136082,0.20551163,800.3368943,1306.98496,306.2154913,26.5,16.7142849,27.6845991,2229.89392,579.7438403,3,33.42856979,5.77,9.0224,17.994,Across_Oceans,Pacific-Atlantic
70,Canary_Islands,French_Polynesia,0.172429436,0.019706447,0.152722989,776.8554313,103.1179005,409.8400955,33.4,1.5,74.6475251,177.840199,372.494632,16.8,3,6.22,7.73084,15.083,Across_Oceans,Pacific-Atlantic
71,Canary_Islands,Galapagos,0.128991896,0.093129111,0.035862784,1003.686022,157.926847,560.7807024,14.155,0,379.0136562,68.222306,70.6134183,21.69,0,2.27,6.00176,8.564,Across_Oceans,Pacific-Atlantic
72,Canary_Islands,Hawaii,0.170006941,0.023952267,0.146054674,926.3957919,283.975861,492.8552605,25,1.714285732,224.4331962,183.875722,206.4643021,0,3.428571463,4.29,8.8903,13.138,Across_Oceans,Pacific-Atlantic
73,Canary_Islands,Islas_Revillagigedo,0.118742122,0.065719791,0.053022331,784.9738719,99.085,401.2973587,17.5,0.428571433,58.4106439,185.906,389.5801057,15,0.857142866,3.4,4.81945,9.586,Across_Oceans,Pacific-Atlantic
74,Canary_Islands,Juan_Fernandez_Islands,0.199426714,0.037940063,0.161486651,1003.686022,157.926847,560.7807024,13.2,0,379.0136562,68.222306,70.6134183,23.6,0,4.03,0.63499,9.468,Across_Oceans,Pacific-Atlantic
75,Canary_Islands,Maldives,0.177376423,0.02546464,0.151911783,908.8112744,1003.673235,309.2002667,14.5,16.5714283,189.2641612,1623.27047,573.7742897,21,33.1428566,7.7,8.58462,9.9,Across_Oceans,Atlantic-Indian
76,Canary_Islands,Maluku_Islands,0.207665397,0.018467206,0.18919819,731.2173291,528.436921,298.59941,14.2,31.7142849,165.9237294,672.797842,594.9760029,21.6,63.42856979,7.82,9.10958,15.537,Across_Oceans,Pacific-Atlantic
77,Canary_Islands,Marianas_Islands,0.205055313,0.017259594,0.18779572,861.4438256,120.989781,321.9393558,27.5,0.928571403,94.5292635,142.096438,548.2961113,5,1.857142806,7.41,9.75295,14.942,Across_Oceans,Pacific-Atlantic
78,Canary_Islands,Sao_Tome_Principe_and_Annobon,0.090406727,0.033841879,0.056564848,1636.616472,96.019,531.2235141,28,15.4285717,1644.874557,192.038,129.7277948,6,30.8571434,5.96,3.24627,4.012,Within_Regions,Eastern_Atlantic
79,Canary_Islands,Seychelles,0.189184017,0.031293475,0.157890542,809.3862925,426.4720265,341.514422,80,7.928571225,9.5858027,468.868053,509.1459789,110,15.85714245,6.59,8.8729,8.569,Across_Oceans,Atlantic-Indian
80,Canary_Islands,Virgin_Islands,0.144131261,0.080230486,0.063900775,743.6783705,297.2302725,416.6624646,67.5,6.571428775,141.0016467,210.384545,358.8498939,85,13.14285755,6.5,7.0733,4.955,Within_Oceans,Atlantic
81,Cape_Verde,Cook_Islands,0.137422831,0.032267573,0.105155258,780.3335394,178.267381,414.2070705,16.75,1.285714269,20.8399491,253.307238,449.9320198,3.5,2.571428537,2.69,4.78032,15.353,Across_Oceans,Pacific-Atlantic
82,Cape_Verde,Fiji,0.188561054,0.00472689,0.183834164,788.6240543,1363.42646,327.7583258,21.5,16.7142849,4.2589192,2117.01092,622.8295092,13,33.42856979,2.84,5.10768,17.55,Across_Oceans,Pacific-Atlantic
83,Cape_Verde,French_Polynesia,0.141714974,0.010665328,0.131049646,765.1425913,159.5594005,431.38293,28.4,1.5,51.2218452,290.723199,415.5803009,26.8,3,3.29,3.81612,14.285,Across_Oceans,Pacific-Atlantic
84,Cape_Verde,Galapagos,0.094796657,0.080322657,0.014474001,991.973182,214.368347,582.3235368,9.155,0,402.4393361,181.105306,113.6990872,11.69,0,0.66,2.08704,7.574,Across_Oceans,Pacific-Atlantic
85,Cape_Verde,Hawaii,0.136289229,0.011470991,0.124818238,914.682952,340.417361,514.3980949,20,1.714285732,247.8588761,70.992722,249.549971,10,3.428571463,1.36,4.97558,13.631,Across_Oceans,Pacific-Atlantic
86,Cape_Verde,Islas_Revillagigedo,0.118208027,0.04104514,0.077162887,773.2610319,155.5265,422.8401931,12.5,0.428571433,34.984964,298.789,432.6657746,5,0.857142866,0.47,0.90473,9.319,Across_Oceans,Pacific-Atlantic
87,Cape_Verde,Juan_Fernandez_Islands,0.20883146,0.022145301,0.186686159,991.973182,214.368347,582.3235368,8.2,0,402.4393361,181.105306,113.6990872,13.6,0,6.96,3.27973,7.868,Across_Oceans,Pacific-Atlantic
88,Cape_Verde,Maldives,0.149811976,0.019898398,0.129913579,897.0984345,1060.114735,330.7431011,9.5,16.5714283,212.6898411,1510.38747,616.8599586,11,33.1428566,4.77,4.6699,10.732,Across_Oceans,Atlantic-Indian
89,Cape_Verde,Maluku_Islands,0.182674046,0.015608092,0.167065954,719.5044892,584.878421,320.1422445,9.2,31.7142849,142.4980495,559.914842,638.0616718,11.6,63.42856979,4.89,5.19486,16.875,Across_Oceans,Pacific-Atlantic
90,Cape_Verde,Marianas_Islands,0.17626025,0.009884694,0.166375555,849.7309856,177.431281,343.4821903,22.5,0.928571403,117.9549434,254.979438,591.3817802,15,1.857142806,4.48,5.83823,16.572,Across_Oceans,Pacific-Atlantic
91,Cape_Verde,Sao_Tome_Principe_and_Annobon,0.096166923,0.015160129,0.081006794,1624.903632,152.4605,552.7663486,23,15.4285717,1668.300237,304.921,172.8134637,16,30.8571434,3.03,0.66845,3.773,Within_Regions,Eastern_Atlantic
92,Cape_Verde,Seychelles,0.155950805,0.018876873,0.137073932,797.6734525,482.9135265,363.0572565,75,7.928571225,13.8398772,355.985053,552.2316478,120,15.85714245,3.66,4.95818,9.06,Across_Oceans,Atlantic-Indian
93,Cape_Verde,Virgin_Islands,0.118101772,0.02752234,0.090579432,731.9655305,353.6717725,438.205299,62.5,6.571428775,117.5759668,97.501545,401.9355628,95,13.14285755,3.57,3.15858,4.36,Within_Oceans,Atlantic
94,Cook_Islands,Fiji,0.077861347,0.000279762,0.077581585,778.2040798,1236.772841,102.7923159,23.25,17.99999916,16.5810299,2370.318158,172.8974894,9.5,30.85714125,0.15,0.32736,2.363,Within_Regions,Central_Pacific
95,Cook_Islands,French_Polynesia,0.02426671,0.000121153,0.024145557,754.7226168,32.9057815,206.4169201,30.15,2.785714269,30.3818961,37.415961,34.3517189,23.3,0.428571463,0.6,0.9642,1.156,Within_Regions,Central_Pacific
96,Cook_Islands,Galapagos,0.128807566,0.03939169,0.089415876,981.5532074,87.714728,357.3575269,10.905,1.285714269,423.2792852,72.201932,336.2329326,15.19,2.571428537,3.35,2.69328,7.767,Within_Oceans,Pacific
97,Cook_Islands,Hawaii,0.03270739,0.015127366,0.017580024,904.2629774,213.763742,289.432085,21.75,3,268.6988252,324.29996,200.3820488,6.5,0.857142926,1.33,0.19526,4.712,Within_Regions,Central_Pacific
98,Cook_Islands,Islas_Revillagigedo,0.200144702,0.015577482,0.18456722,762.8410574,28.872881,197.8741832,14.25,1.714285702,14.1450149,45.481762,17.2662452,8.5,1.714285671,2.22,3.87559,6.829,Within_Oceans,Pacific
99,Cook_Islands,Juan_Fernandez_Islands,0.311581632,0.025611017,0.285970614,981.5532074,87.714728,357.3575269,9.95,1.285714269,423.2792852,72.201932,336.2329326,17.1,2.571428537,9.65,8.06005,7.916,Within_Oceans,Pacific
100,Cook_Islands,Maldives,0.071045641,0.047969616,0.023076025,886.6784599,933.461116,105.7770912,11.25,17.85714257,233.5297902,1763.694708,166.9279388,14.5,30.57142806,2.08,0.11042,13.934,Across_Oceans,Pacific-Indian
101,Cook_Islands,Maluku_Islands,0.090598203,0.030281265,0.060316938,709.0845146,458.224802,95.17623459,10.95,32.99999916,121.6581004,813.22208,188.129652,15.1,60.85714125,2.2,0.41454,7.891,Within_Oceans,Pacific
102,Cook_Islands,Marianas_Islands,0.060734501,0.000271584,0.060462917,839.3110111,50.777662,118.5161804,24.25,2.214285672,138.7948925,1.6722,141.4497604,11.5,0.714285731,1.79,1.05791,7.17,Within_Oceans,Pacific
103,Cook_Islands,Sao_Tome_Principe_and_Annobon,0.197480348,0.010183239,0.18729711,1614.483658,25.806881,327.8003387,24.75,16.71428597,1689.140186,51.613762,277.1185561,12.5,28.28571486,0.34,5.44877,17.249,Across_Oceans,Pacific-Atlantic
104,Cook_Islands,Seychelles,0.06122704,0.030665492,0.030561548,787.253478,356.2599075,138.0912466,76.75,9.214285494,34.6798263,609.292291,102.299628,116.5,13.28571391,0.97,0.17786,15.22,Across_Oceans,Pacific-Indian
105,Cook_Islands,Virgin_Islands,0.20501574,0.00653985,0.19847589,721.545556,227.0181535,213.2392891,64.25,7.857143044,96.7360177,350.808783,47.996457,91.5,10.57142901,0.88,1.62174,11.226,Across_Oceans,Pacific-Atlantic
106,Fiji,French_Polynesia,0.055734853,0.002303016,0.053431837,763.0131317,1218.064861,119.9681753,34.9,18.2142849,46.962926,2407.734119,207.2492083,13.8,30.42856979,0.45,1.29156,3.416,Within_Regions,Central_Pacific
107,Fiji,Galapagos,0.173651807,0.005044999,0.168606808,989.8437224,1272.873807,270.9087822,15.655,16.7142849,406.6982553,2298.116226,509.130422,24.69,33.42856979,3.5,3.02064,10.063,Within_Oceans,Pacific
108,Fiji,Hawaii,0.064338517,0.004788934,0.059549583,912.5534924,1398.922821,202.9833403,26.5,18.42857063,252.1177953,2046.018198,373.2795382,3,29.99999833,1.48,0.1321,4.889,Within_Regions,Central_Pacific
109,Fiji,Islas_Revillagigedo,0.265165611,0.005247228,0.259918383,771.1315723,1214.03196,111.4254385,19,17.14285633,30.7260448,2415.79992,190.1637346,18,32.57142692,2.37,4.20295,8.644,Within_Oceans,Pacific
110,Fiji,Juan_Fernandez_Islands,0.36350021,0.00105683,0.362443381,989.8437224,1272.873807,270.9087822,14.7,16.7142849,406.6982553,2298.116226,509.130422,26.6,33.42856979,9.8,8.38741,10.078,Within_Oceans,Pacific
111,Fiji,Maldives,0.053465116,0,0.053465116,894.9689749,2118.620195,19.32834649,16,33.2857132,216.9487603,606.62345,5.96955064,24,0.28571319,1.93,0.43778,11.753,Across_Oceans,Pacific-Indian
112,Fiji,Maluku_Islands,0.046553403,0.031564384,0.014989019,717.3750296,1643.383881,8.727489871,15.7,48.42856979,138.2391303,1557.096078,15.2321626,24.6,30,2.05,0.08718,5.551,Within_Oceans,Pacific
113,Fiji,Marianas_Islands,0.023526296,0.006432259,0.017094037,847.601526,1235.936741,32.06743567,29,17.6428563,122.2138626,2371.990358,31.44772899,2,31.57142698,1.64,0.73055,5.028,Within_Oceans,Pacific
114,Fiji,Sao_Tome_Principe_and_Annobon,0.262967194,1.86E-06,0.262965332,1622.774173,1210.96596,241.3515939,29.5,32.1428566,1672.559156,2421.93192,450.0160455,3,2.57142639,0.19,5.77613,17.938,Across_Oceans,Pacific-Atlantic
115,Fiji,Seychelles,0.050954168,0.004997049,0.045957119,795.5439929,1541.418987,51.64250188,81.5,24.64285612,18.0987964,1761.025867,70.59786142,107,17.57142734,0.82,0.1495,13.352,Across_Oceans,Pacific-Indian
116,Fiji,Virgin_Islands,0.27322136,9.70E-05,0.27312437,729.8360709,1412.177233,126.7905444,69,23.28571367,113.3170476,2019.509375,220.8939464,82,20.28571224,0.73,1.9491,13.316,Across_Oceans,Pacific-Atlantic
117,French_Polynesia,Galapagos,0.124952666,0.009042198,0.115910468,966.3622594,69.0067475,374.5333864,22.555,1.5,453.6611813,109.617893,301.8812137,38.49,3,3.95,1.72908,6.645,Within_Oceans,Pacific
118,French_Polynesia,Hawaii,0.031195206,0.025051911,0.006143295,889.0720294,195.0557615,306.6079445,33.4,3.214285732,299.0807213,361.715921,166.0303299,16.8,0.428571463,1.93,1.15946,4.438,Within_Regions,Central_Pacific
119,French_Polynesia,Islas_Revillagigedo,0.218609413,0.010042848,0.208566565,747.6501093,10.1649005,215.0500427,25.9,1.928571433,16.2368812,8.065801,17.0854737,31.8,2.142857134,2.82,2.91139,5.751,Within_Oceans,Pacific
120,French_Polynesia,Juan_Fernandez_Islands,0.319141842,0.005465337,0.313676505,966.3622594,69.0067475,374.5333864,21.6,1.5,453.6611813,109.617893,301.8812137,40.4,3,10.25,7.09585,7.178,Within_Oceans,Pacific
121,French_Polynesia,Maldives,0.051494263,0.051408588,8.57E-05,871.4875119,914.7531355,122.9529507,22.9,18.0714283,263.9116863,1801.110669,201.2796577,37.8,30.1428566,1.48,0.85378,15.079,Across_Oceans,Pacific-Indian
122,French_Polynesia,Maluku_Islands,0.077570323,0.04102453,0.036545793,693.8935666,439.5168215,112.352094,22.6,33.2142849,91.2762043,850.638041,222.4813709,38.4,60.42856979,1.6,1.37874,8.965,Within_Oceans,Pacific
123,French_Polynesia,Marianas_Islands,0.037987725,0.00166428,0.036323445,824.120063,32.0696815,135.6920398,35.9,2.428571403,169.1767886,35.743761,175.8014793,11.8,1.142857194,1.19,2.02211,7.988,Within_Oceans,Pacific
124,French_Polynesia,Sao_Tome_Principe_and_Annobon,0.212527055,0.000158856,0.212368199,1599.29271,7.0989005,344.9761981,36.4,16.9285717,1719.522082,14.197801,242.7668372,10.8,27.8571434,0.26,4.48457,16.79,Across_Oceans,Pacific-Atlantic
125,French_Polynesia,Seychelles,0.063443153,0.056474726,0.006968427,772.0625299,337.551927,155.267106,88.4,9.428571225,65.0617224,646.708252,136.6513469,93.2,12.85714245,0.37,1.14206,16.336,Across_Oceans,Pacific-Indian
126,French_Polynesia,Virgin_Islands,0.227217101,0.005612003,0.221605097,706.3546079,208.310173,230.4151486,75.9,8.071428775,66.3541216,388.224744,13.6447381,68.2,10.14285755,0.28,0.65754,10.08,Across_Oceans,Pacific-Atlantic
127,Galapagos,Hawaii,0.137240378,0.02979111,0.107449268,1115.90262,249.864708,457.5485513,14.155,1.714285732,154.58046,252.098028,135.8508838,21.69,3.428571463,2.02,2.88854,7.643,Within_Oceans,Pacific
128,Galapagos,Islas_Revillagigedo,0.114826249,0.020736603,0.094089646,974.4807,64.973847,365.9906495,6.655,0.428571433,437.4243001,117.683694,318.9666874,6.69,0.857142866,1.13,1.18231,3.226,Within_Regions,Eastern_Tropical
129,Galapagos,Juan_Fernandez_Islands,0.233210427,0.034229819,0.198980608,1193.19285,123.815694,525.4739932,2.355,0,0,0,0,1.91,0,6.3,5.36677,3.86,Within_Regions,Eastern_Tropical
130,Galapagos,Maldives,0.13482619,0.020124736,0.114701454,1098.318103,969.562082,273.8935575,3.655,16.5714283,189.749495,1691.492776,503.1608714,0.69,33.1428566,5.43,2.58286,18.339,Across_Oceans,Pacific-Indian
131,Galapagos,Maluku_Islands,0.176155132,0.025739982,0.15041515,920.7241572,494.325768,263.2927009,3.355,31.7142849,544.9373856,741.020148,524.3625846,0.09,63.42856979,5.55,3.10782,15.507,Within_Oceans,Pacific
132,Galapagos,Marianas_Islands,0.160385533,0.009067985,0.151317548,1050.950654,86.878628,286.6326467,16.655,0.928571403,284.4843927,73.874132,477.682693,26.69,1.857142806,5.14,3.75119,13.651,Within_Oceans,Pacific
133,Galapagos,Sao_Tome_Principe_and_Annobon,0.141081036,0.047903954,0.093177081,1826.123301,61.907847,495.916805,17.155,15.4285717,1265.860901,123.815694,59.1143765,27.69,30.8571434,3.69,2.75549,10.887,Across_Oceans,Pacific-Atlantic
134,Galapagos,Seychelles,0.155598626,0.035800385,0.119798241,998.8931206,392.3608735,306.2077129,69.155,7.928571225,388.5994589,537.090359,438.5325606,131.69,15.85714245,4.32,2.87114,16.286,Across_Oceans,Pacific-Indian
135,Galapagos,Virgin_Islands,0.136008637,0.030615509,0.105393128,933.1851986,263.1191195,381.3557554,56.655,6.571428775,520.0153029,278.606851,288.2364756,106.69,13.14285755,4.23,1.07154,3.58,Across_Oceans,Pacific-Atlantic
136,Hawaii,Islas_Revillagigedo,0.210801501,0.00773065,0.203070851,897.19047,191.022861,298.0652076,17.5,2.142857165,282.8438401,369.781722,183.1158036,15,2.571428597,0.89,4.07085,4.742,Within_Oceans,Pacific
137,Hawaii,Juan_Fernandez_Islands,0.312738798,0.004381017,0.30835778,1115.90262,249.864708,457.5485513,13.2,1.714285732,154.58046,252.098028,135.8508838,23.6,3.428571463,8.32,8.25531,10.334,Within_Oceans,Pacific
138,Hawaii,Maldives,0.069870222,0.063887088,0.005983133,1021.027873,1095.611096,205.9681156,14.5,18.28571403,35.169035,1439.394748,367.3099876,21,29.71428514,3.41,0.30568,13.766,Across_Oceans,Pacific-Indian
139,Hawaii,Maluku_Islands,0.080241351,0.037506954,0.042734397,843.4339272,620.374782,195.367259,14.2,33.42857063,390.3569256,488.92212,388.5117008,21.6,59.99999833,3.53,0.21928,8.313,Within_Oceans,Pacific
140,Hawaii,Marianas_Islands,0.048073094,0.005638348,0.042434746,973.6604237,212.927642,218.7072048,27.5,2.642857135,129.9039327,325.97216,341.8318092,5,1.571428657,3.12,0.86265,6.034,Within_Oceans,Pacific
141,Hawaii,Sao_Tome_Principe_and_Annobon,0.207808455,0.001803696,0.206004759,1748.833071,187.956861,427.9913631,28,17.14285743,1420.441361,375.913722,76.7365073,6,27.42857194,1.67,5.64403,17.138,Across_Oceans,Pacific-Atlantic
142,Hawaii,Seychelles,0.050553252,0.037378784,0.013174468,921.6028906,518.4098875,238.282271,80,9.642856957,234.0189989,284.992331,302.6816768,110,12.42857099,2.3,0.0174,15.966,Across_Oceans,Pacific-Indian
143,Hawaii,Virgin_Islands,0.21851405,0.002113173,0.216400877,855.8949686,389.1681335,313.4303135,67.5,8.285714507,365.4348429,26.508823,152.3855918,85,9.714286087,2.21,1.817,9.656,Across_Oceans,Pacific-Atlantic
144,Islas_Revillagigedo,Juan_Fernandez_Islands,0.189379729,0.086962918,0.102416812,974.4807,64.973847,365.9906495,5.7,0.428571433,437.4243001,117.683694,318.9666874,8.6,0.857142866,7.43,4.18446,6.9,Within_Regions,Eastern_Tropical
145,Islas_Revillagigedo,Maldives,0.217484551,0.008509327,0.208975225,879.6059525,910.720235,114.4102138,7,16.99999973,247.6748051,1809.17647,184.194184,6,32.28571373,4.3,3.76517,17.401,Across_Oceans,Pacific-Indian
146,Islas_Revillagigedo,Maluku_Islands,0.251302867,0.005965118,0.245337748,702.0120072,435.483921,103.8093572,6.7,32.14285633,107.5130855,858.703842,205.3958972,6.6,62.57142692,4.42,4.29013,13.005,Within_Oceans,Pacific
147,Islas_Revillagigedo,Marianas_Islands,0.250535534,0.007085983,0.243449551,832.2385036,28.036781,127.149303,20,1.357142836,152.9399074,43.809562,158.7160056,20,0.99999994,4.01,4.9335,10.719,Within_Oceans,Pacific
148,Islas_Revillagigedo,Sao_Tome_Principe_and_Annobon,0.128836978,0.12726599,0.001570988,1607.41115,3.066,336.4334613,20.5,15.85714313,1703.285201,6.132,259.8523109,21,30.00000053,2.56,1.57318,13.092,Across_Oceans,Pacific-Atlantic
149,Islas_Revillagigedo,Seychelles,0.2222787,0.005815822,0.216462878,780.1809705,333.5190265,146.7243692,72.5,8.357142658,48.8248412,654.774053,119.5658732,125,14.99999958,3.19,4.05345,17.959,Across_Oceans,Pacific-Indian
150,Islas_Revillagigedo,Virgin_Islands,0.117236538,0.105815054,0.011421484,714.4730485,204.2772725,221.8724117,60,7.000000208,82.5910028,396.290545,30.7302118,100,12.28571468,3.1,2.25385,5.058,Across_Oceans,Pacific-Atlantic
151,Juan_Fernandez_Islands,Maldives,0.319082703,0.005260776,0.313821928,1098.318103,969.562082,273.8935575,2.7,16.5714283,189.749495,1691.492776,503.1608714,2.6,33.1428566,11.73,7.94963,15.591,Across_Oceans,Pacific-Indian
152,Juan_Fernandez_Islands,Maluku_Islands,0.350429416,0.001718997,0.348710419,920.7241572,494.325768,263.2927009,2.4,31.7142849,544.9373856,741.020148,524.3625846,2,63.42856979,11.85,8.47459,15.012,Within_Oceans,Pacific
153,Juan_Fernandez_Islands,Marianas_Islands,0.350533202,0.004201181,0.346332022,1050.950654,86.878628,286.6326467,15.7,0.928571403,284.4843927,73.874132,477.682693,28.6,1.857142806,11.44,9.11796,15.096,Within_Oceans,Pacific
154,Juan_Fernandez_Islands,Sao_Tome_Principe_and_Annobon,0.142991203,0.036642516,0.106348687,1826.123301,61.907847,495.916805,16.2,15.4285717,1265.860901,123.815694,59.1143765,29.6,30.8571434,9.99,2.61128,9.603,Across_Oceans,Pacific-Atlantic
155,Juan_Fernandez_Islands,Seychelles,0.328791015,0.009964193,0.318826822,998.8931206,392.3608735,306.2077129,68.2,7.928571225,388.5994589,537.090359,438.5325606,133.6,15.85714245,10.62,8.23791,13.609,Across_Oceans,Pacific-Indian
156,Juan_Fernandez_Islands,Virgin_Islands,0.220800813,0.134664318,0.086136494,933.1851986,263.1191195,381.3557554,55.7,6.571428775,520.0153029,278.606851,288.2364756,108.6,13.14285755,10.53,6.43831,5.893,Across_Oceans,Pacific-Atlantic
157,Maldives,Maluku_Islands,0.077502363,0.04104379,0.036458573,825.8494097,1340.072156,11.71226519,3.7,48.2857132,355.1878906,950.472628,21.20171324,0.6,30.28571319,0.12,0.52496,6.316,Across_Oceans,Pacific-Indian
158,Maldives,Marianas_Islands,0.050327712,0.01456244,0.035765272,956.0759062,932.625016,35.05221099,17,17.4999997,94.7348977,1765.366908,25.47817835,26,31.28571379,0.29,1.16833,7.959,Across_Oceans,Pacific-Indian
159,Maldives,Sao_Tome_Principe_and_Annobon,0.213016812,0.000671265,0.212345547,1731.248553,907.654235,244.3363693,17.5,32,1455.610396,1815.30847,444.0464949,27,2.2857132,1.74,5.33835,7.444,Across_Oceans,Atlantic-Indian
160,Maldives,Seychelles,0.05409466,0.047143373,0.006951287,904.0183731,1238.107262,54.6272772,69.5,24.49999953,198.8499639,1154.402417,64.62831078,131,17.28571415,1.11,0.28828,2.202,Within_Regions,Indian_Ocean
161,Maldives,Virgin_Islands,0.22745874,0.005813133,0.221645607,838.3104511,1108.865508,129.7753197,57,23.14285708,330.2658079,1412.885925,214.9243958,106,19.99999905,1.2,1.51132,14.873,Across_Oceans,Atlantic-Indian
162,Maluku_Islands,Marianas_Islands,0.051840876,0.050199999,0.001640877,778.4819609,457.388702,24.45135437,16.7,32.6428563,260.4529929,814.89428,46.67989159,26.6,61.57142698,0.41,0.64337,2.532,Within_Regions,Western_Indo_Pacific
163,Maluku_Islands,Sao_Tome_Principe_and_Annobon,0.24861852,0.000158147,0.248460374,1553.654608,432.417921,233.7355126,17.2,47.1428566,1810.798287,864.835842,465.2482081,27.6,32.57142639,1.86,5.86331,13.686,Across_Oceans,Pacific-Atlantic
164,Maluku_Islands,Seychelles,0.069366079,0.039858697,0.029507383,726.4244278,762.8709475,44.02642058,69.2,39.64285612,156.3379267,203.929789,85.83002402,131.6,47.57142734,1.23,0.23668,8.272,Across_Oceans,Pacific-Indian
165,Maluku_Islands,Virgin_Islands,0.261746637,0.00401944,0.257727197,660.7165058,633.6291935,119.1744631,56.7,38.28571367,24.9220827,462.413297,236.126109,106.6,50.28571224,1.32,2.03628,17.716,Across_Oceans,Pacific-Atlantic
166,Marianas_Islands,Sao_Tome_Principe_and_Annobon,0.246944692,8.85E-05,0.246856214,1683.881104,24.970781,257.0754584,30.5,16.3571431,1550.345294,49.941562,418.5683165,1,29.00000059,1.45,6.50668,15.205,Across_Oceans,Pacific-Atlantic
167,Marianas_Islands,Seychelles,0.04398725,0.015428503,0.028558747,856.6509242,355.4238075,67.36636638,82.5,8.857142628,104.1150662,610.964491,39.15013243,105,13.99999964,0.82,0.88005,10.115,Across_Oceans,Pacific-Indian
168,Marianas_Islands,Virgin_Islands,0.258165481,0.00136075,0.256804731,790.9430022,226.1820535,142.5144089,70,7.500000178,235.5309102,352.480983,189.4462174,80,11.28571474,0.91,2.67965,15.179,Across_Oceans,Pacific-Atlantic
169,Sao_Tome_Principe_and_Annobon,Seychelles,0.222179816,0.003505951,0.218673865,1631.823571,330.4530265,276.6505246,83,23.35714293,1654.46036,660.906053,379.4181841,104,15.00000095,0.63,5.62663,5.456,Across_Oceans,Atlantic-Indian
170,Sao_Tome_Principe_and_Annobon,Virgin_Islands,0.121709003,0.111964373,0.00974463,1566.115649,201.2112725,351.7985672,70.5,22.00000048,1785.876204,402.422545,229.1220991,79,17.71428585,0.54,3.82703,8.044,Within_Oceans,Atlantic
171,Seychelles,Virgin_Islands,0.229977443,0.000148661,0.229828782,738.8854691,531.664299,162.0894751,122.5,14.5,131.415844,258.483508,150.296085,25,2.7142849,0.09,1.7996,13.362,Across_Oceans,Atlantic-Indian
